{
  "Python": {
    "total_evaluations": 44,
    "score_distribution": {
      "0": 0,
      "1": 0,
      "2": 0,
      "3": 0,
      "4": 0,
      "5": 10,
      "6": 0,
      "7": 11,
      "8": 10,
      "9": 4,
      "10": 9
    },
    "total_time": 176.45141649246216,
    "avg_time": 4.010259465737776
  },
  "JavaScript": {
    "total_evaluations": 9,
    "score_distribution": {
      "0": 0,
      "1": 0,
      "2": 0,
      "3": 0,
      "4": 0,
      "5": 3,
      "6": 0,
      "7": 1,
      "8": 2,
      "9": 0,
      "10": 3
    },
    "total_time": 26.000017642974854,
    "avg_time": 2.888890849219428
  },
  "NoSQL": {
    "total_evaluations": 1,
    "score_distribution": {
      "0": 0,
      "1": 0,
      "2": 0,
      "3": 0,
      "4": 0,
      "5": 0,
      "6": 0,
      "7": 0,
      "8": 1,
      "9": 0,
      "10": 0
    },
    "total_time": 1.962167739868164,
    "avg_time": 1.962167739868164
  },
  "Kotlin": {
    "total_evaluations": 1,
    "score_distribution": {
      "0": 0,
      "1": 0,
      "2": 0,
      "3": 0,
      "4": 0,
      "5": 0,
      "6": 0,
      "7": 0,
      "8": 0,
      "9": 0,
      "10": 1
    },
    "total_time": 1.6730396747589111,
    "avg_time": 1.6730396747589111
  },
  "C++": {
    "total_evaluations": 2,
    "score_distribution": {
      "0": 0,
      "1": 0,
      "2": 0,
      "3": 0,
      "4": 0,
      "5": 0,
      "6": 0,
      "7": 0,
      "8": 1,
      "9": 1,
      "10": 0
    },
    "total_time": 3.505739212036133,
    "avg_time": 1.7528696060180664
  }
}